-- Insertion USERS
INSERT INTO `users` (`userid`, `username`, `password`, `firstname`, `lastname`, `phonenumber`) VALUES
(1, 'rkirmond0', '6H7Znp5e', 'Roxi', 'Kirmond', '828-346-4552'),
(2, 'clevicount1', 'R2DK20yrhX', 'Costa', 'Levicount', '858-452-1250'),
(3, 'nscoular2', 'USZPh0l', 'Niel', 'Scoular', '468-513-7460'),
(4, 'acholdcroft3', 'D6u9ueH6s', 'Ashlan', 'Choldcroft', '195-876-3830'),
(5, 'mkubatsch4', 'FNbAyE', 'Maia', 'Kubatsch', '849-790-3079'),
(6, 'lgouly5', 'KOU2LR', 'Larina', 'Gouly', '313-885-1632'),
(7, 'jbartell6', 'WYXAzd', 'Julienne', 'Bartell', '960-523-6779'),
(8, 'dmaclennan7', 'h5mH7LJZ', 'Daphna', 'MacLennan', '428-671-8512'),
(9, 'sribeiro8', 'KdyipR', 'Seana', 'Ribeiro', '339-399-9872'),
(10, 'npargent9', 'wFCmBh3L0LZ6', 'Nat', 'Pargent', '692-440-3222'),
(11, 'oantoniewskia', '3szlipQ9df2c', 'Ogdon', 'Antoniewski', '467-523-8596'),
(12, 'aparellb', '1YvIBqYPnPZK', 'Aloin', 'Parell', '863-734-1771'),
(13, 'jcoulthurstc', 'FUSjwdh', 'Jannelle', 'Coulthurst', '449-969-9945'),
(14, 'stapleyd', '8Gaq5mPX8', 'Sherrie', 'Tapley', '818-446-4195'),
(15, 'ajeanenete', 'Tf84fhgqfE', 'Augustine', 'Jeanenet', '636-469-7862'),
(16, 'ebuttelf', 'iVb7P48S', 'Ermentrude', 'Buttel', '501-211-7881'),
(17, 'khartnupg', 'v0IZbJXjvz', 'Kyla', 'Hartnup', '759-645-1728'),
(18, 'cpeticanh', 'C1M7YSvCCMZx', 'Courtenay', 'Petican', '999-900-4577'),
(19, 'jtrengovei', '3DCswY', 'Joye', 'Trengove', '227-197-1445'),
(20, 'egolsthorpj', 'vqG7jtqUk', 'Ermin', 'Golsthorp', '246-712-8150'),
(21, 'jtomneyk', 'i8Wek2NCM', 'Jean', 'Tomney', '819-882-1404'),
(22, 'mmillierl', 'rFIjIq', 'Myer', 'Millier', '415-501-8105'),
(23, 'cstockneym', 'qzF6pGUQ', 'Camey', 'Stockney', '439-239-8069'),
(24, 'agrishechkinn', 'DyHnRTv', 'Angelle', 'Grishechkin', '556-383-3119'),
(25, 'drichardo', 'EesF2NOaOB', 'Deborah', 'Richard', '981-591-6161'),
(26, 'rrounsefellp', 'yGUxYKji', 'Rossie', 'Rounsefell', '848-957-1083'),
(27, 'emcterrellyq', 'QNnHiLibcjK', 'Eustace', 'McTerrelly', '534-653-2677'),
(28, 'dlomasnyr', 'TdL3ovqzRUJI', 'Dacey', 'Lomasny', '747-253-9572'),
(29, 'etremontanas', '3zVVK6i', 'Enid', 'Tremontana', '660-149-0263'),
(30, 'mferneyhought', 'TLTyfvlwdRo', 'Maison', 'Ferneyhough', '728-422-7418'),
(31, 'brispinu', 'e6lLP6dyzI', 'Berti', 'Rispin', '608-631-2810'),
(32, 'flemeryv', 'RuMdCx6b5Xi', 'Freeland', 'Lemery', '640-530-2309'),
(33, 'bhitchensw', 'ReNYw5OrHo', 'Bibbie', 'Hitchens', '114-478-1961'),
(34, 'hgrimshawx', 'aZtTAKlkHa', 'Hershel', 'Grimshaw', '639-588-1122'),
(35, 'kwhertony', '8roHmlo5gBO', 'Katrine', 'Wherton', '887-135-1180'),
(36, 'klissandriz', 'NEsgcRsp7U', 'Krissy', 'Lissandri', '247-468-9490'),
(37, 'gbradnocke10', 'lk1aZ6', 'Gustave', 'Bradnocke', '740-868-3093'),
(38, 'wrichens11', 'p2nqayG4mCA', 'Winn', 'Richens', '527-313-8070'),
(39, 'astoakley12', '4qcaxoP', 'Alia', 'Stoakley', '572-289-0194'),
(40, 'jhardistry13', 'ZozaZh3', 'Josy', 'Hardistry', '387-345-3819'),
(41, 'nsambedge14', 'dQ4pPhjRnhcH', 'Nichole', 'Sambedge', '389-394-7977'),
(42, 'jsarra15', 'bzUHzV4ud', 'Jasper', 'Sarra', '777-522-4500'),
(43, 'jfrie16', 'YIQCN6sm', 'Joshuah', 'Frie', '541-808-2629'),
(44, 'kvandermerwe17', 'CV1v0V', 'Kristal', 'Van der Merwe', '119-755-6390'),
(45, 'vutley18', 'uAWGtttVJFYs', 'Vlad', 'Utley', '851-509-9387'),
(46, 'lbudgett19', 'txpbfby', 'Lewes', 'Budgett', '500-267-3655'),
(47, 'gstancliffe1a', 'sHuEPnQ6o', 'Grange', 'Stancliffe', '722-504-3192'),
(48, 'lsacase1b', '5SB5Amql', 'Lavena', 'Sacase', '984-878-7071'),
(49, 'woakland1c', 'jiqfbp', 'Winifred', 'Oakland', '510-910-8743'),
(50, 'tdonett1d', 'MqmiI0z', 'Tiffani', 'Donett', '407-866-0534'),
(51, 'nkimberly1e', 'kEDEgY0Z76', 'Niels', 'Kimberly', '708-448-6700'),
(52, 'dheatley1f', 'YpsfYWCEBI', 'Dreddy', 'Heatley', '948-735-2567'),
(53, 'clong1g', 'sv70zppVP', 'Cleveland', 'Long', '151-611-0565'),
(54, 'eabramowitz1h', 'Gki0DIet', 'Etti', 'Abramowitz', '104-754-9319'),
(55, 'rburch1i', 'S93n3TizxZ', 'Raine', 'Burch', '460-158-5254'),
(56, 'jpurse1j', 'Q9TOsd', 'Jennette', 'Purse', '809-176-4168'),
(57, 'sgallimore1k', 'LGXyqMx84jpf', 'Sven', 'Gallimore', '644-402-7617'),
(58, 'rpiche1l', '4p89hPEZAgX', 'Rochell', 'Piche', '452-398-3611'),
(59, 'cdillistone1m', 'XFEp5ho', 'Carmencita', 'Dillistone', '892-969-2593'),
(60, 'greasun1n', 'oJmiGq3r', 'Gabbi', 'Reasun', '661-101-6496'),
(61, 'nhitschke1o', 'aZBwECIdzFH', 'Norris', 'Hitschke', '154-521-3801'),
(62, 'grawe1p', 'MVmdu5UGA20B', 'Gisella', 'Rawe', '960-283-8213'),
(63, 'ncolthard1q', 'aZMWDNB', 'Nicholas', 'Colthard', '796-239-2296'),
(64, 'ipowdrill1r', 'BNQgU9e', 'Ivette', 'Powdrill', '472-632-8378'),
(65, 'dwingar1s', 'tL5pJFgMSRs', 'Davine', 'Wingar', '399-190-5581'),
(66, 'cblackley1t', '74P4HQBcI', 'Catriona', 'Blackley', '232-802-5532'),
(67, 'kpegrum1u', 'ccSPpf', 'Konstanze', 'Pegrum', '977-501-4882'),
(68, 'kporkiss1v', 'Z1q25r', 'Karlen', 'Porkiss', '215-504-9035'),
(69, 'apurver1w', 'Vk24luyC3O', 'Ashlie', 'Purver', '969-695-9676'),
(70, 'jleworthy1x', 'nCz3fKvtH', 'Jeniffer', 'Leworthy', '815-807-7625'),
(71, 'credit1y', 'iavtwTSk', 'Celestine', 'Redit', '167-525-2794'),
(72, 'dreading1z', 'yYuIbHe', 'Drucy', 'Reading', '853-371-3954'),
(73, 'spenhalewick20', '3G12A8fba', 'Samson', 'Penhalewick', '490-523-0933'),
(74, 'gleat21', 'Ljf5hDhim', 'Gunilla', 'Leat', '427-852-4693'),
(75, 'ihrycek22', 'NPJMroIzvJRq', 'Irina', 'Hrycek', '778-648-9781'),
(76, 'rlaville23', '9H7yCVP', 'Rochester', 'Laville', '700-904-0141'),
(77, 'hagronski24', 'jLZEIzOXA4MW', 'Heddie', 'Agronski', '948-277-0215'),
(78, 'acreegan25', 'z9NyyIQKqwsb', 'Ashli', 'Creegan', '837-600-0535'),
(79, 'dmccromley26', 'Is9bnydN', 'Davide', 'McCromley', '124-191-3100'),
(80, 'edenington27', 'Fsp1e20YGxr', 'Edlin', 'Denington', '286-540-3932'),
(81, 'aruoss28', 'yqXai6uMQTm', 'Armin', 'Ruoss', '486-234-4441'),
(82, 'kspensly29', 'VNSv4MjJjt', 'Katrina', 'Spensly', '689-912-4236'),
(83, 'upadley2a', 'NtxC1UfGlYjT', 'Ulrick', 'Padley', '382-583-0942'),
(84, 'rcoffey2b', 'PMaPwzD4A', 'Raeann', 'Coffey', '738-622-9939'),
(85, 'ddelaharpe2c', 'pFp9kCUzd', 'Dewitt', 'De la Harpe', '294-926-5247'),
(86, 'lvinden2d', 'uShGF4mIn', 'Law', 'Vinden', '527-527-1176'),
(87, 'abilton2e', 'pJLdPIosV', 'Aldin', 'Bilton', '998-670-3641'),
(88, 'bheavy2f', 'DkHJn2KhQk4', 'Burke', 'Heavy', '923-373-0533'),
(89, 'lwillbraham2g', 'LlvwzZd', 'Laurie', 'Willbraham', '479-296-3607'),
(90, 'cbrickwood2h', 'BvibRwpo', 'Colette', 'Brickwood', '346-510-1159'),
(91, 'kpoulsom2i', '18yzgzYsvKi', 'Koren', 'Poulsom', '213-144-1393'),
(92, 'nkenington2j', 'Od5bZqYjBw', 'Nessa', 'Kenington', '521-413-9272'),
(93, 'swhatsize2k', 'xKPkIeSk06', 'Sallyann', 'Whatsize', '145-305-8250'),
(94, 'kgergher2l', 'cTYpVhld69', 'Kilian', 'Gergher', '706-102-5638'),
(95, 'pcunrado2m', 'Qqp8t3Z', 'Pauly', 'Cunrado', '457-189-9233'),
(96, 'mmccrea2n', '6A1p4IFN', 'Marillin', 'McCrea', '975-869-1131'),
(97, 'jblackler2o', 'ynW50ZnOkxn', 'Judi', 'Blackler', '990-144-8805'),
(98, 'emiddiff2p', 'emx4T34rW', 'Eulalie', 'Middiff', '373-882-3954'),
(99, 'bmyhan2q', 'SClyDi3As', 'Brock', 'Myhan', '706-407-2891'),
(100, 'lconyers2r', 'vW059AXw', 'Lucas', 'Conyers', '626-363-4727');

-- Insertion MainCategories
INSERT INTO `maincategories` (`mainCatName`) VALUES
('Immobilier'),
('Audio'),
('Appareils électroménagers'),
('Vêtements'),
('Livres'),
('Meubles'),
('Téléphones'),
('Jeux vidéo et consoles'),
('Vélos'),
('Écrans'),
('Maison - Intérieur'),
('Outils'),
('Ordinateurs et tablettes');

-- Insertion Categories
INSERT INTO `categories` (`mainCatName`, `catName`) VALUES
('Immobilier', 'Condo'),
('Immobilier', 'Appartement'),
('Immobilier', 'Maison'),
('Audio', 'Haut-parleurs'),
('Audio', 'Chaînes stéréo'),
('Audio', 'Écouteurs'),
('Audio', 'iPod et MP3'),
('Appareils électroménagers', 'Réfrigérateurs'),
('Appareils électroménagers', 'Laveuses et sécheuses'),
('Appareils électroménagers', 'Cuisinières, fours et fourneaux'),
('Appareils électroménagers', 'Machines à café'),
('Appareils électroménagers', 'Fours à micro-ondes'),
('Appareils électroménagers', 'Aspirateurs'),
('Vêtements', 'Femmes - Hauts'),
('Vêtements', 'Enfants'),
('Vêtements', 'Hommes'),
('Vêtements', 'Femmes - Sacs'),
('Vêtements', 'Chaussures pour femmes'),
('Vêtements', 'Chaussures pour hommes'),
('Livres', 'Manuels'),
('Livres', 'Bandes dessinéees'),
('Livres', 'Magazines'),
('Livres', 'Ouvrages de fiction'),
('Livres', 'Essais'),
('Meubles', 'Chaises, Fauteuils'),
('Meubles', 'Mobilier de cuisine et salle à manger'),
('Meubles', 'Sofas'),
('Meubles', 'Lits et matelas'),
('Meubles', 'Commodes et armoires'),
('Téléphones', 'Téléphones cellulaires'),
('Téléphones', 'Accessoires pour cellulaires'),
('Téléphones', 'Téléphones résidentiels et répondeurs'),
('Jeux vidéo et consoles', 'Sony PlayStation 4'),
('Jeux vidéo et consoles', 'Consoles classiques'),
('Jeux vidéo et consoles', 'XBOX One'),
('Jeux vidéo et consoles', 'XBOX 360'),
('Jeux vidéo et consoles', 'Sony PlayStation 3'),
('Jeux vidéo et consoles', 'Nintendo Wii'),
('Jeux vidéo et consoles', 'Nintendo DS'),
('Vélos', 'De route'),
('Vélos', 'Enfants'),
('Vélos', 'Randonné, ville'),
('Vélos', 'Vélos électriques'),
('Vélos', 'Fixie'),
('Écrans', 'Téléviseurs'),
('Écrans', 'Écrans d\'ordinateur'),
('Maison - Intérieur', 'Décoration intérieure et accessoires'),
('Maison - Intérieur', 'Vaisselle et articles de cuisine'),
('Maison - Intérieur', 'Éclairage intérieur et plafonniers'),
('Maison - Intérieur', 'Literie'),
('Maison - Intérieur', 'Rangement et organisation'),
('Maison - Intérieur', 'Tapis et moquettes'),
('Outils', 'Outils électriques'),
('Outils', 'Outils à main'),
('Outils', 'Rangement pour outils et établis'),
('Outils', 'Échelles et échafaudages'),
('Ordinateurs et tablettes', 'Ordinateurs Apple'),
('Ordinateurs et tablettes', 'Ordinateurs Acer'),
('Ordinateurs et tablettes', 'Ordinateurs Samsung'),
('Ordinateurs et tablettes', 'Ordinateurs Lenovo'),
('Ordinateurs et tablettes', 'Autres ordinateurs'),
('Ordinateurs et tablettes', 'Tablettes');

-- Insertion Products
INSERT INTO products (refID, sellerID, categoryID, estimatedPrice, sellingPrice, name, description) VALUES (1, 1, 25, 54.1, 54.1, 'Chaises IKEA', 'Chaises IKEA');
INSERT INTO products (refID, sellerID, categoryID, estimatedPrice, sellingPrice, name, description) VALUES (2, 1, 45, 201.34, 201.34, 'Téléviseur Sony', 'Téléviseur Sony');
INSERT INTO products (refID, sellerID, categoryID, estimatedPrice, sellingPrice, name, description) VALUES (3, 1, 25, 68.17, 68.17, 'Fauteuil IKEA', 'Fauteuil IKEA');
INSERT INTO products (refID, sellerID, categoryID, estimatedPrice, sellingPrice, name, description) VALUES (4, 1, 12, 112.09, 112.09, 'Four micro-ondes Samsung bon état', 'Four micro-ondes Samsung bon état');
INSERT INTO products (refID, sellerID, categoryID, estimatedPrice, sellingPrice, name, description) VALUES (5, 2, 9, 174.88, 174.88, 'Laveuse abimée Samsung', 'Laveuse abimée Samsung');
INSERT INTO products (refID, sellerID, categoryID, estimatedPrice, sellingPrice, name, description) VALUES (6, 2, 62, 139.88, 139.88, 'Tablette Amazon Fire 8', 'Tablette Amazon Fire 8');
INSERT INTO products (refID, sellerID, categoryID, estimatedPrice, sellingPrice, name, description) VALUES (7, 3, 62, 179.68, 179.68, 'Samsung Galaxy Tab', 'Samsung Galaxy Tab');
INSERT INTO products (refID, sellerID, categoryID, estimatedPrice, sellingPrice, name, description) VALUES (8, 4, 52, 75.84, 75.84, 'Tapis antique', 'Tapis antique');
INSERT INTO products (refID, sellerID, categoryID, estimatedPrice, sellingPrice, name, description) VALUES (9, 5, 44, 219.65, 219.65, 'Fixie fibre de carbone', 'Fixie fibre de carbone');
INSERT INTO products (refID, sellerID, categoryID, estimatedPrice, sellingPrice, name, description) VALUES (10, 6, 54, 11.99, 11.99, 'Tournevis', 'Tournevis');
INSERT INTO products (refID, sellerID, categoryID, estimatedPrice, sellingPrice, name, description) VALUES (11, 7, 28, 237.09, 237.09, 'Matelas taille King', 'Matelas taille King');
INSERT INTO products (refID, sellerID, categoryID, estimatedPrice, sellingPrice, name, description) VALUES (12, 7, 11, 113.93, 113.93, 'Machine Keurig 2 Tasses', 'Machine Keurig 2 Tasses');
INSERT INTO products (refID, sellerID, categoryID, estimatedPrice, sellingPrice, name, description) VALUES (13, 8, 17, 65.28, 65.28, 'Sac en cuir véritable', 'Sac en cuir véritable');
INSERT INTO products (refID, sellerID, categoryID, estimatedPrice, sellingPrice, name, description) VALUES (14, 9, 22, 15.69, 15.69, 'Magazine Sciences', 'Magazine Sciences');
INSERT INTO products (refID, sellerID, categoryID, estimatedPrice, sellingPrice, name, description) VALUES (15, 10, 47, 93.74, 93.74, 'Tableau 12x28', 'Tableau 12x28');
INSERT INTO products (refID, sellerID, categoryID, estimatedPrice, sellingPrice, name, description) VALUES (16, 10, 39, 171.39, 171.39, 'Nintendo 3DS blanche', 'Nintendo 3DS blanche');
INSERT INTO products (refID, sellerID, categoryID, estimatedPrice, sellingPrice, name, description) VALUES (17, 11, 37, 213.23, 213.23, 'Playstation 3 non fonctionnelle', 'Playstation 3 non fonctionnelle');
INSERT INTO products (refID, sellerID, categoryID, estimatedPrice, sellingPrice, name, description) VALUES (18, 15, 36, 165.49, 165.49, 'XBOX 360 neuve', 'XBOX 360 neuve');
INSERT INTO products (refID, sellerID, categoryID, estimatedPrice, sellingPrice, name, description) VALUES (19, 19, 57, 81.81, 500, 'MacBook 2018', 'MacBook 2018');
INSERT INTO products (refID, sellerID, categoryID, estimatedPrice, sellingPrice, name, description) VALUES (20, 26, 47, 94.08, 94.08, 'Rideau blanc', 'Rideau blanc');
INSERT INTO products (refID, sellerID, categoryID, estimatedPrice, sellingPrice, name, description) VALUES (21, 28, 47, 92.3, 92.3, 'Rideau noir', 'Rideau noir');
INSERT INTO products (refID, sellerID, categoryID, estimatedPrice, sellingPrice, name, description) VALUES (22, 28, 25, 131.43, 131.43, 'Chaise haute', 'Chaise haute');
INSERT INTO products (refID, sellerID, categoryID, estimatedPrice, sellingPrice, name, description) VALUES (23, 29, 45, 132.27, 132.27, 'TV 60 pouces', 'TV 60 pouces');
INSERT INTO products (refID, sellerID, categoryID, estimatedPrice, sellingPrice, name, description) VALUES (24, 30, 38, 170.7, 170.7, 'Wii avec 2 manettes', 'Wii avec 2 manettes');
INSERT INTO products (refID, sellerID, categoryID, estimatedPrice, sellingPrice, name, description) VALUES (25, 45, categoryID, 31.67, 31.67, 'nomProduit');
INSERT INTO products (refID, sellerID, categoryID, estimatedPrice, sellingPrice, name, description) VALUES (26, 56, categoryID, 167.66, 167.66, 'nomProduit');
INSERT INTO products (refID, sellerID, categoryID, estimatedPrice, sellingPrice, name, description) VALUES (27, 57, categoryID, 120.8, 120.8, 'nomProduit');
INSERT INTO products (refID, sellerID, categoryID, estimatedPrice, sellingPrice, name, description) VALUES (28, 57, categoryID, 151.34, 151.34, 'nomProduit');
INSERT INTO products (refID, sellerID, categoryID, estimatedPrice, sellingPrice, name, description) VALUES (29, 57, categoryID, 258.37, 258.37, 'nomProduit');
INSERT INTO products (refID, sellerID, categoryID, estimatedPrice, sellingPrice, name, description) VALUES (30, 58, categoryID, 17.93, 17.93, 'nomProduit');
INSERT INTO products (refID, sellerID, categoryID, estimatedPrice, sellingPrice, name, description) VALUES (31, 58, categoryID, 285.77, 285.77, 'nomProduit');
INSERT INTO products (refID, sellerID, categoryID, estimatedPrice, sellingPrice, name, description) VALUES (32, 67, categoryID, 14.22, 14.22, 'nomProduit');
INSERT INTO products (refID, sellerID, categoryID, estimatedPrice, sellingPrice, name, description) VALUES (33, 67, categoryID, 242.22, 242.22, 'nomProduit');
INSERT INTO products (refID, sellerID, categoryID, estimatedPrice, sellingPrice, name, description) VALUES (34, 68, categoryID, 144.7, 144.7, 'nomProduit');
INSERT INTO products (refID, sellerID, categoryID, estimatedPrice, sellingPrice, name, description) VALUES (35, 75, categoryID, 299.64, 299.64, 'nomProduit');
INSERT INTO products (refID, sellerID, categoryID, estimatedPrice, sellingPrice, name, description) VALUES (36, 79, categoryID, 102.1, 102.1, 'nomProduit');
INSERT INTO products (refID, sellerID, categoryID, estimatedPrice, sellingPrice, name, description) VALUES (37, 85, categoryID, 138.22, 138.22, 'nomProduit');
INSERT INTO products (refID, sellerID, categoryID, estimatedPrice, sellingPrice, name, description) VALUES (38, 87, categoryID, 74.87, 74.87, 'nomProduit');
INSERT INTO products (refID, sellerID, categoryID, estimatedPrice, sellingPrice, name, description) VALUES (39, 87, categoryID, 65.49, 65.49, 'nomProduit');
INSERT INTO products (refID, sellerID, categoryID, estimatedPrice, sellingPrice, name, description) VALUES (40, 92, categoryID, 75.7, 75.7, 'nomProduit');
INSERT INTO products (refID, sellerID, categoryID, estimatedPrice, sellingPrice, name, description) VALUES (41, 92, categoryID, 80.11, 80.11, 'nomProduit');
INSERT INTO products (refID, sellerID, categoryID, estimatedPrice, sellingPrice, name, description) VALUES (42, 93, categoryID, 196.1, 196.1, 'nomProduit');
INSERT INTO products (refID, sellerID, categoryID, estimatedPrice, sellingPrice, name, description) VALUES (43, 94, categoryID, 40.56, 40.56, 'nomProduit');
INSERT INTO products (refID, sellerID, categoryID, estimatedPrice, sellingPrice, name, description) VALUES (44, 96, categoryID, 143.95, 143.95, 'nomProduit');
INSERT INTO products (refID, sellerID, categoryID, estimatedPrice, sellingPrice, name, description) VALUES (45, 98, categoryID, 158.39, 158.39, 'nomProduit');
INSERT INTO products (refID, sellerID, categoryID, estimatedPrice, sellingPrice, name, description) VALUES (46, 98, categoryID, 209.28, 209.28, 'nomProduit');
INSERT INTO products (refID, sellerID, categoryID, estimatedPrice, sellingPrice, name, description) VALUES (47, 98, categoryID, 120.79, 120.79, 'nomProduit');
INSERT INTO products (refID, sellerID, categoryID, estimatedPrice, sellingPrice, name, description) VALUES (48, 98, categoryID, 188.41, 188.41, 'nomProduit');
INSERT INTO products (refID, sellerID, categoryID, estimatedPrice, sellingPrice, name, description) VALUES (49, 99, categoryID, 17.56, 17.56, 'nomProduit');
INSERT INTO products (refID, sellerID, categoryID, estimatedPrice, sellingPrice, name, description) VALUES (50, 100, categoryID, 38.69, 38.69, 'nomProduit');


-- REQUETES
-- * Catégories sur colonne gauche :
WITH sortMainCat AS (SELECT * FROM maincategories ORDER BY mainCatName), 
     sortCat  AS (SELECT * FROM categories ORDER BY catName)
     
SELECT maincategories.maincategoryid, mainCatName, categoryid, catName FROM sortMainCat JOIN sortCat USING maincategoryid;


-- Création d'une vue qui regroupe catégories principales et sous catégories par ordre alphabétique
CREATE VIEW summarycategories AS SELECT maincategoryid, mainCatName, categoryid, catName FROM mainCategories NATURAL JOIN categories ORDER BY mainCatName, catName;